{
  "score": 11811.915330963904,
  "x10_named": {
    "L_st_position": 0.8703686382455083,
    "L_st_span": 0.9940528832852462,
    "L_st": 0.1046004799508276,
    "L_st_straight": 0.04795933336736238,
    "delta_st": 0.02177089313447398,
    "L_w_position": 4.062414819420509,
    "L_w_span": 0.44950144324064234,
    "L_w": 0.983932422599016,
    "L_w_straight": 0.227552346523392,
    "delta_w": 0.03665590395906931
  },
  "score_parts": {
    "type1": 140.8250344216748,
    "type2": 415.202497311233,
    "type3": 55.353599999999965,
    "type4": 11200.534199230997
  },
  "violations": {
    "type1": {
      "c1": 0.0,
      "c2": 0.0,
      "c3": 11.866972420195253
    },
    "type2": {
      "c4": 20.376518282357097
    },
    "type3_A": {
      "c5": 0.0,
      "c6": 0.0,
      "c7": 0.0,
      "c8": 7.439999999999998
    },
    "type3_B": {
      "c5": 0.0,
      "c6": 0.0,
      "c7": 0.0,
      "c8": 0.0
    },
    "type3_combined": {
      "c8": 7.439999999999998,
      "c7": 0.0,
      "c5": 0.0,
      "c6": 0.0
    },
    "type4_A": {
      "c9": 0.0,
      "c10": 0.0,
      "c11": 209.84414986500744,
      "c12": 13.838017042571911
    },
    "type4_B": {
      "c9": 0.0,
      "c10": 0.0,
      "c11": 0.0,
      "c12": 13.86702878587395
    },
    "type4_combined": {
      "c10": 0.0,
      "c9": 0.0,
      "c11": 104.92207493250372,
      "c12": 13.85252291422293
    }
  },
  "traj1": {
    "m_final": 281.5,
    "mdot_final": 0.0,
    "v_final": 330.6,
    "theta_final": 0.5759,
    "X_final": 22190.0,
    "n_points": 47
  },
  "traj2": {
    "m_final": 461.4,
    "mdot_final": 7.604,
    "v_final": 450.0,
    "theta_final": 0.5467,
    "X_final": 1958.0,
    "n_points": 6
  }
}